Account ID,Label for Data Quality
0010Y00000iAQT6QAO,Top X Subsidiary
0010Y00000iAQUVQA4,Top X Subsidiary
0010Y00000iAQvTQAW,Top X Parent
0010Y00000iAR1wQAG,Top X Subsidiary
0010Y00000iAR2hQAG,Top X Parent
0010Y00000iAR4EQAW,Top X Subsidiary
0010Y00000iARAQQA4,Top X Parent
0010Y00000iARgYQAW,Top X Subsidiary
0010Y00000iARiGQAW,Top X Parent
0010Y00000iARJSQA4,Top X Parent
0010Y00000iARMTQA4,Top X Subsidiary
0010Y00000iARqbQAG,Top X Subsidiary
0010Y00000iARwTQAW,Top X Subsidiary
0010Y00000iAS0zQAG,Top X Subsidiary
0010Y00000iAS7tQAG,Top X Parent
0010Y00000iASI9QAO,Top X Subsidiary
0010Y00000iASIxQAO,Top X Subsidiary
0010Y00000iASJ9QAO,Top X Subsidiary
0010Y00000iASL6QAO,Top X Subsidiary
0010Y00000iASOkQAO,Top X Parent
0010Y00000iASqJQAW,Top X Parent
0010Y00000iASTbQAO,Top X Subsidiary
0010Y00000iASwNQAW,Top X Subsidiary
0010Y00000iAT2UQAW,Top X Subsidiary
0010Y00000iATaZQAW,Top X Subsidiary
0010Y00000iATDjQAO,Top X Subsidiary
0010Y00000iATFaQAO,Top X Parent
0010Y00000iATHCQA4,Top X Subsidiary
0010Y00000iATkGQAW,Top X Parent
0010Y00000iATO4QAO,Top X Subsidiary
0010Y00000iATqrQAG,Top X Parent
0010Y00000iATsEQAW,Top X Subsidiary
0010Y00000iATTyQAO,Top X Parent
0010Y00000iATXYQA4,Top X Subsidiary
0010Y00000iAU19QAG,Top X Parent
0010Y00000iAU1HQAW,Top X Subsidiary
0010Y00000iAU3MQAW,Top X Parent
0010Y00000iAUCEQA4,Top X Subsidiary
0010Y00000iAUDUQA4,Top X Subsidiary
0010Y00000iAUMOQA4,Top X Subsidiary
0010Y00000iAUODQA4,Top X Subsidiary
0010Y00000iAV6pQAG,Top X Subsidiary
0010Y00000iAV6YQAW,Top X Subsidiary
0010Y00000iAVBIQA4,Top X Subsidiary
0010Y00000iAVCQQA4,Top X Subsidiary
0010Y00000iAVItQAO,Top X Subsidiary
0010Y00000iAVK0QAO,Top X Parent
0010Y00000iAVs7QAG,Top X Subsidiary
0010Y00000iAW6OQAW,Top X Parent
0010Y00000iAW7vQAG,Top X Parent
0010Y00000iAW9zQAG,Top X Parent
0010Y00000iAWhOQAW,Top X Subsidiary
0010Y00000iAWmIQAW,Top X Subsidiary
0010Y00000iAWOaQAO,Top X Parent
0010Y00000iAWoMQAW,Top X Subsidiary
0010Y00000iAWOQQA4,Top X Parent
0010Y00000iAWulQAG,Top X Subsidiary
0010Y00000iAWvHQAW,Top X Subsidiary
0010Y00000iAX3LQAW,Top X Parent
0010Y00000iAX3tQAG,Top X Parent
0010Y00000kkhz1QAA,Top X Parent
0010Y00000kkr5rQAA,Top X Subsidiary
0010Y00000qYrw1QAC,Top X Parent
0010Y00000qYrwcQAC,Top X Subsidiary
0010Y00000qYrwlQAC,Top X Parent
0010Y00000qYrx5QAC,Top X Parent
0010Y00000qYrxLQAS,Top X Parent
0010Y00000qYs2oQAC,Top X Subsidiary
0010Y00000qYs2RQAS,Top X Subsidiary
0010Y00000qYs2YQAS,Top X Parent
0010Y00000qYs3pQAC,Top X Parent
0010Y00000qYs3qQAC,Top X Parent
0010Y00000qYs3RQAS,Top X Parent
0010Y00000qYs4AQAS,Top X Parent
0010Y00000qYs4gQAC,Top X Parent
0010Y00000qYs64QAC,Top X Parent
0010Y00000qYs79QAC,Top X Subsidiary
0010Y00000qYs7MQAS,Top X Subsidiary
0010Y00000qYsBlQAK,Top X Subsidiary
0010Y00000qYsDHQA0,Top X Parent
0010Y00000qZZnfQAG,Top X Parent
0010Y00000qZZnnQAG,Top X Subsidiary
0010Y00000qZZnTQAW,Top X Subsidiary
0010Y00000qZZoSQAW,Top X Parent
0010Y00000rAOlJQAW,Top X Parent
0010Y00000rAOlzQAG,Top X Parent
0010Y00000zG9PMQA0,Top X Subsidiary
0010Y00001aIcDoQAK,Top X Parent
0010Y00001aKfWMQA0,Top X Parent
0010Y00001aorniQAA,Top X Parent
0010Y00001aotDCQAY,Top X Subsidiary
0010Y00001bi4AMQAY,Top X Subsidiary
0010Y00001biAv9QAE,Top X Subsidiary
0010Y00001dbzGVQAY,Top X Parent
0010Y00001dc0EcQAI,Top X Subsidiary
0010Y00001dc0N2QAI,Top X Subsidiary
0010Y00001dc1usQAA,Top X Subsidiary
0010Y00001ehdEwQAI,Top X Subsidiary
0010Y00001gru06QAA,Top X Subsidiary
0010Y00001GVHKiQAP,Top X Parent
0010Y00001gWBUlQAO,Top X Parent
0010Y00001gWCL5QAO,Top X Subsidiary
0010Y00001gWEpLQAW,Top X Subsidiary
0010Y00001gWFUPQA4,Top X Parent
0010Y00001gWFvRQAW,Top X Subsidiary
0010Y00001HCVykQAH,Top X Parent
0010Y00001HCVyzQAH,Top X Parent
0010Y00001HCVzbQAH,Top X Parent
0010Y00001HCW11QAH,Top X Subsidiary
0010Y00001HCW1gQAH,Top X Parent
0010Y00001HCW5iQAH,Top X Parent
0010Y00001HCW5OQAX,Top X Subsidiary
0010Y00001HCW5pQAH,Top X Subsidiary
0010Y00001HCW5RQAX,Top X Parent
0010Y00001HCW5yQAH,Top X Subsidiary
0010Y00001HCWAjQAP,Top X Parent
0010Y00001HCWBnQAP,Top X Subsidiary
0010Y00001HCWboQAH,Top X Parent
0010Y00001HCWfpQAH,Top X Parent
0010Y00001HCWH9QAP,Top X Subsidiary
0010Y00001HCWLAQA5,Top X Parent
0010Y00001HCWLwQAP,Top X Parent
0010Y00001HCWO4QAP,Top X Subsidiary
0010Y00001HCWPRQA5,Top X Parent
0010Y00001HCWQcQAP,Top X Parent
0010Y00001HCWrgQAH,Top X Subsidiary
0010Y00001HCWsfQAH,Top X Parent
0010Y00001HCWsZQAX,Top X Subsidiary
0010Y00001HCWUgQAP,Top X Parent
0010Y00001HCWZeQAP,Top X Parent
0010Y00001HCWZzQAP,Top X Parent
0010Y00001HCZ3gQAH,Top X Parent
0010Y00001HCZ3lQAH,Top X Subsidiary
0010Y00001HCZ4hQAH,Top X Parent
0010Y00001HCZ55QAH,Top X Parent
0010Y00001HCZ9SQAX,Top X Subsidiary
0010Y00001HCZAjQAP,Top X Parent
0010Y00001HCZAlQAP,Top X Subsidiary
0010Y00001HCZAVQA5,Top X Parent
0010Y00001HCZAZQA5,Top X Subsidiary
0010Y00001HCZB9QAP,Top X Subsidiary
0010Y00001HCZBcQAP,Top X Parent
0010Y00001HCZBoQAP,Top X Parent
0010Y00001HCZC8QAP,Top X Parent
0010Y00001HEkq7QAD,Top X Parent
0010Y00001Hw9ESQAZ,Top X Parent
0010Y00001Hw9jZQAR,Top X Subsidiary
0010Y00001Hw9UPQAZ,Top X Subsidiary
0010Y00001Hw9V8QAJ,Top X Subsidiary
0010Y00001HwBc1QAF,Top X Subsidiary
0010Y00001HwBTEQA3,Top X Subsidiary
0010Y00001HxWsFQAV,Top X Subsidiary
0010Y00001IsSCkQAN,Top X Subsidiary
0010Y00001IsSCWQA3,Top X Subsidiary
0010Y00001L4ANyQAN,Top X Subsidiary
0010Y00001L5DC7QAN,Top X Subsidiary
0010Y00001L6od8QAB,Top X Subsidiary
0010Y00001L6p6UQAR,Top X Subsidiary
0010Y00001L6pbHQAR,Top X Subsidiary
0010Y00001L6qFsQAJ,Top X Subsidiary
0010Y00001L6qM9QAJ,Top X Subsidiary
0010Y00001L6qroQAB,Top X Subsidiary
0010Y00001L6qzUQAR,Top X Parent
0010Y00001L6r0aQAB,Top X Parent
0010Y00001L6rsDQAR,Top X Subsidiary
0010Y00001L6rVCQAZ,Top X Subsidiary
0010Y00001L6rYXQAZ,Top X Parent
0010Y00001L6s5jQAB,Top X Parent
0010Y00001L6sdOQAR,Top X Subsidiary
0010Y00001L6tLPQAZ,Top X Subsidiary
0010Y00001OMuI3QAL,Top X Subsidiary
0010Y00001OMvXcQAL,Top X Subsidiary
0010Y00001ONYcOQAX,Top X Parent
0010Y00001QHPKHQA5,Top X Parent
0010Y00001QHPL6QAP,Top X Parent
0010Y00001QHPNmQAP,Top X Parent
0010Y00001QHPNUQA5,Top X Parent
0010Y00001QHPNYQA5,Top X Parent
0010Y00001QIiKXQA1,Top X Subsidiary
0010Y00001RLVPCQA5,Top X Subsidiary
0010Y00001RMHLfQAP,Top X Subsidiary
0010Y00001RMHlRQAX,Top X Subsidiary
0010Y00001RMHmsQAH,Top X Parent
0010Y00001RMHmTQAX,Top X Parent
0010Y00001RMHnFQAX,Top X Parent
0010Y00001RMHOhQAP,Top X Subsidiary
0010Y00001RMHw6QAH,Top X Parent
0010Y00001RMI7iQAH,Top X Parent
0010Y00001RMIaEQAX,Top X Parent
0010Y00001RMIcaQAH,Top X Parent
0010Y00001RMIFKQA5,Top X Subsidiary
0010Y00001RMIGjQAP,Top X Subsidiary
0010Y00001RMIHsQAP,Top X Subsidiary
0010Y00001RMIixQAH,Top X Subsidiary
0010Y00001RMIkBQAX,Top X Subsidiary
0010Y00001RMItxQAH,Top X Parent
0010Y00001RMIv8QAH,Top X Subsidiary
0010Y00001RMIvkQAH,Top X Subsidiary
0010Y00001RMIVlQAP,Top X Parent
0010Y00001RMJ4KQAX,Top X Subsidiary
0010Y00001RMJ4uQAH,Top X Parent
0010Y00001RMJ5IQAX,Top X Subsidiary
0010Y00001RMJ7vQAH,Top X Parent
0010Y00001RMJdYQAX,Top X Subsidiary
0010Y00001RMJe6QAH,Top X Subsidiary
0010Y00001RMJFiQAP,Top X Parent
0010Y00001RMJgPQAX,Top X Parent
0010Y00001RMJlQQAX,Top X Parent
0010Y00001RMJn1QAH,Top X Subsidiary
0010Y00001RMJn7QAH,Top X Subsidiary
0010Y00001RMJQBQA5,Top X Subsidiary
0010Y00001RMJxAQAX,Top X Parent
0010Y00001RMK0LQAX,Top X Subsidiary
0010Y00001RMK6uQAH,Top X Parent
0010Y00001RMKCOQA5,Top X Parent
0010Y00001RMKPPQA5,Top X Parent
0010Y00001RMKr7QAH,Top X Subsidiary
0010Y00001RMKuPQAX,Top X Subsidiary
0010Y00001RML1lQAH,Top X Parent
0010Y00001RML2UQAX,Top X Subsidiary
0010Y00001RML5AQAX,Top X Subsidiary
0010Y00001RMLcLQAX,Top X Parent
0010Y00001RMLgtQAH,Top X Parent
0010Y00001RMLkZQAX,Top X Parent
0010Y00001RMLUsQAP,Top X Subsidiary
0010Y00001RMLvAQAX,Top X Parent
0010Y00001RMM73QAH,Top X Parent
0010Y00001RMM9uQAH,Top X Subsidiary
0010Y00001RMMFAQA5,Top X Parent
0010Y00001RMMFXQA5,Top X Subsidiary
0010Y00001RO7igQAD,Top X Parent
0010Y00001SEcmBQAT,Top X Subsidiary
0010Y00001SEdwkQAD,Top X Parent
0010Y00001SEepiQAD,Top X Subsidiary
0010Y00001SqYPyQAN,Top X Subsidiary
0010Y00001Sr0fuQAB,Top X Subsidiary
0010Y00001SrbKQQAZ,Top X Subsidiary
0010Y00001SrZc7QAF,Top X Subsidiary
0010Y00001SrZwHQAV,Top X Subsidiary
0010Y00001Ssgo6QAB,Top X Subsidiary
0010Y00001SsgpYQAR,Top X Subsidiary
0010Y00001SsgVdQAJ,Top X Subsidiary
0010Y00001StMp3QAF,Top X Subsidiary
0010Y00001TPiXzQAL,Top X Subsidiary
0010Y00001TPQqMQAX,Top X Subsidiary
0010Y00001TQUbqQAH,Top X Subsidiary
0010Y00001UOmHOQA1,Top X Subsidiary
0010Y00001UPc5AQAT,Top X Subsidiary
0010Y00001UPHQXQA5,Top X Subsidiary
0010Y00001URBW0QAP,Top X Subsidiary
0010Y00001VTJkKQAX,Top X Subsidiary
0010Y00001Vyex7QAB,Top X Subsidiary
0010Y00001VyZzJQAV,Top X Subsidiary
0010Y00001VzHPmQAN,Top X Subsidiary
0010Y00001WlbGNQAZ,Top X Subsidiary
0010Y00001WmMZAQA3,Top X Subsidiary
0010Y00001YXJi1QAH,Top X Subsidiary
0010Y00001YXKEFQA5,Top X Subsidiary
0010Y00001YXKf1QAH,Top X Parent
0010Y00001YXKRbQAP,Top X Parent
0010Y00001YY9LDQA1,Top X Subsidiary
0011n00001lCjUvAAK,Top X Parent
0011n00001lrp5dAAA,Top X Subsidiary
0011n00001n5fTeAAI,Top X Subsidiary
0011n00001qUwneAAC,Top X Subsidiary
0011n00001rsU5yAAE,Top X Parent
0011n00001rsU5zAAE,Top X Parent
0011n00001rsU61AAE,Top X Parent
0011n00001rsU66AAE,Top X Subsidiary
0011n00001rthzVAAQ,Top X Subsidiary
0011n00001rtiD4AAI,Top X Subsidiary
0011n00001rtiw4AAA,Top X Subsidiary
0011n00001rtjClAAI,Top X Parent
0011n00001rtl6pAAA,Top X Subsidiary
0011n00001rtlOvAAI,Top X Subsidiary
0011n00001rtm8eAAA,Top X Subsidiary
0011n00001rtmi4AAA,Top X Parent
0011n00001rtnD1AAI,Top X Parent
0011n00001rtnhTAAQ,Top X Subsidiary
0011n00001rtpUeAAI,Top X Subsidiary
0011n00001rtpUTAAY,Top X Subsidiary
0011n00001rtqeRAAQ,Top X Parent
0011n00001rtWWNAA2,Top X Subsidiary
0011n00001sA6lWAAS,Top X Subsidiary
0011n00001sRveXAAS,Top X Subsidiary
0011n00001uzmomAAA,Top X Subsidiary
0011n00001v2BKCAA2,Top X Subsidiary
0011n00001vAcupAAC,Top X Subsidiary
0011p00002awWbiAAE,Top X Parent
0011p00002cDipmAAC,Top X Subsidiary
0011p00002cYNqbAAG,Top X Subsidiary
0011p00002dCq8hAAC,Top X Subsidiary
0011p00002dCqHFAA0,Top X Subsidiary
0011p00002eClB4AAK,Top X Subsidiary
0011p00002eCvOwAAK,Top X Subsidiary
0011p00002eE4gAAAS,Top X Subsidiary
0011p00002EhjA8AAJ,Top X Subsidiary
0011p00002enUa5AAE,Top X Parent
0011p00002enV2JAAU,Top X Subsidiary
0011p00002enVCnAAM,Top X Subsidiary
0011p00002enVy7AAE,Top X Subsidiary
0011p00002enWoTAAU,Top X Subsidiary
0011p00002fgoQIAAY,Top X Subsidiary
0011p00002mFZ8uAAG,Top X Subsidiary
0011p00002REp2XAAT,Top X Subsidiary
0011p00002SkNwXAAV,Top X Subsidiary
0011p00002YDtO6AAL,Top X Subsidiary
0011p00002ZXcSYAA1,Top X Subsidiary
0011p00002cAXOGAA4,Top X Prod
0011p00002JwcjNAAR,Top X Prod
0010800002zYeDyAAK,Top X Prod
0011p00002REp2nAAD,Top X Prod
0011p00002SjFkZAAV,Top X Prod
0011p00002fCAOQAA4,Top X Prod
0011p00002ZM7IBAA1,Top X Prod
0011p00002hwm0AAAQ,Top X Prod
0011p00002hyLxBAAU,Top X Prod
0011p00002iqyUcAAI,Top X Prod
0010Y00000iAR8tQAG,Top X Prod
0010Y00000iAQSZQA4,Top X Prod
0010Y00001L6nGFQAZ,Top X Prod
0010Y00001RMJDVQA5,Top X Prod
0010Y00001RMIhQQAX,Top X Prod
0010Y00001RMLc6QAH,Top X Prod
0010Y00001YXKMYQA5,Top X Prod
0010Y00001gW99rQAC,Top X Prod
0011n00001id8HsAAI,Top X Prod
0010Y00001gWEJ6QAO,Top X Prod
0011p00002mSHdrAAG,Top X Prod
0011n00001nM6oiAAC,Top X Prod
0011n00001qJr0zAAC,Top X Prod
0011n00001rtjfgAAA,Top X Prod
0011n00001rtWVDAA2,Top X Prod
0011n00001rtkQjAAI,Top X Prod
0011n00001rtoMxAAI,Top X Prod
0011n00001rtq1QAAQ,Top X Prod
0011n00001rtpubAAA,Top X Prod
0011n00001rtpumAAA,Top X Prod
0011n00001rtnfjAAA,Top X Prod
0011n00001rtrcaAAA,Top X Prod
0011n00001rtrKPAAY,Top X Prod
0011n00001rtrUYAAY,Top X Prod
